{"cameraMode":{"drawMode":0,"name":"Shaded","section":"Shading Mode"},"sceneLighting":true,"audioPlay":false,"sceneViewState":{"showFog":true,"showMaterialUpdate":false,"showSkybox":true,"showFlares":true,"showImageEffects":true,"showParticleSystems":true},"in2DMode":false,"pivot":{"x":-4.644818305969238,"y":1.5700000524520875,"z":0.28999999165534975},"rotation":{"x":0.037398699671030048,"y":-0.4541770815849304,"z":0.01908666454255581,"w":0.8899216055870056},"size":22.0,"orthographic":false}